Time,Jylland + Fyn,Sjælland + Øer
2026-10-01 02:00,1.34,1.36
2026-10-01 03:00,1.35,1.36
2026-10-01 04:00,1.39,1.36
2026-10-01 05:00,1.46,1.43
2026-10-01 06:00,1.81,1.84
2026-10-01 07:00,2.06,2.10
2026-10-01 08:00,2.05,2.10
2026-10-01 09:00,1.90,1.85
2026-10-01 10:00,1.63,1.53
2026-10-01 11:00,1.43,1.35
2026-10-01 12:00,1.43,1.35
2026-10-01 13:00,1.40,1.37
2026-10-01 14:00,1.35,1.28
2026-10-01 15:00,1.45,1.43
2026-10-01 16:00,1.77,1.77
2026-10-01 17:00,2.17,2.17
2026-10-01 18:00,2.57,2.57
2026-10-01 19:00,2.81,2.81
2026-10-01 20:00,2.41,2.41
2026-10-01 21:00,2.12,2.12
2026-10-01 22:00,1.92,1.92
2026-10-01 23:00,1.74,1.74
